{
  "n_clusters": 7,
  "n_tweets": 6352,
  "cluster_info": {
    "0": {
      "weight": 23680.028268686798,
      "percent": 91.53524330028735,
      "tweet_count": 5899,
      "top_authors": [
        [
          "gcrtrd",
          528.17589763178
        ],
        [
          "elonmusk",
          461.33066996058966
        ],
        [
          "basilda_a",
          405.5864829454215
        ],
        [
          "RoundtableSpace",
          337.9777814774759
        ],
        [
          "toly",
          311.6666588017249
        ]
      ],
      "top_keywords": [
        [
          "launch",
          92
        ],
        [
          "btc",
          78
        ],
        [
          "gpt",
          73
        ],
        [
          "warning",
          43
        ],
        [
          "exploit",
          39
        ],
        [
          "hype",
          38
        ],
        [
          "analysis",
          16
        ],
        [
          "llm",
          13
        ]
      ]
    },
    "6": {
      "weight": 2189.819688130137,
      "percent": 8.464756699712648,
      "tweet_count": 453,
      "top_authors": [
        [
          "vllm_project",
          270.87657550580593
        ],
        [
          "0xSero",
          111.75967365967364
        ],
        [
          "TheAhmadOsman",
          71.97008547008552
        ],
        [
          "gkisokay",
          62.56773563626436
        ],
        [
          "joshyote",
          58.71428571428572
        ]
      ],
      "top_keywords": [
        [
          "token",
          303
        ],
        [
          "llm",
          138
        ],
        [
          "launch",
          30
        ],
        [
          "gpt",
          11
        ],
        [
          "hype",
          9
        ],
        [
          "warning",
          9
        ],
        [
          "analysis",
          5
        ],
        [
          "btc",
          3
        ]
      ]
    }
  }
}