{
  "method": "TF-IDF + K-Means",
  "n_clusters": 7,
  "n_tweets": 6361,
  "cluster_info": {
    "5": {
      "weight": 11176.354578455332,
      "percent": 43.187218368858204,
      "tweet_count": 2674,
      "top_authors": [
        [
          "basilda_a",
          377.96474835816963
        ],
        [
          "gcrtrd",
          332.1061895620719
        ],
        [
          "vllm_project",
          271.87657550580593
        ],
        [
          "leftcurvedev_",
          244.78275482678026
        ],
        [
          "HuggingModels",
          240.0532085561497
        ]
      ],
      "top_words": [
        [
          "the",
          1859
        ],
        [
          "tps",
          1210
        ],
        [
          "http",
          1209
        ],
        [
          "and",
          1141
        ],
        [
          "for",
          964
        ],
        [
          "all",
          690
        ],
        [
          "ver",
          656
        ],
        [
          "his",
          649
        ],
        [
          "hat",
          631
        ],
        [
          "this",
          616
        ]
      ]
    },
    "4": {
      "weight": 7280.935166626198,
      "percent": 28.134695867357078,
      "tweet_count": 1336,
      "top_authors": [
        [
          "NousResearch",
          226.99337312865987
        ],
        [
          "mattpocockuk",
          189.18861353967873
        ],
        [
          "elonmusk",
          176.0533060577721
        ],
        [
          "dru_blackberry",
          160.5326235761025
        ],
        [
          "JulianGoldieSEO",
          148.90223292449278
        ]
      ],
      "top_words": [
        [
          "you",
          896
        ],
        [
          "tps",
          631
        ],
        [
          "http",
          630
        ],
        [
          "the",
          599
        ],
        [
          "and",
          542
        ],
        [
          "our",
          494
        ],
        [
          "for",
          418
        ],
        [
          "your",
          411
        ],
        [
          "all",
          341
        ],
        [
          "hat",
          305
        ]
      ]
    },
    "0": {
      "weight": 2810.0176751973136,
      "percent": 10.85835690941994,
      "tweet_count": 1172,
      "top_authors": [
        [
          "GauHi_FDB",
          217.5245926487305
        ],
        [
          "jeanterre552",
          106.42857142857143
        ],
        [
          "elonmusk",
          101.62241174332826
        ],
        [
          "gcrtrd",
          95.44272394272389
        ],
        [
          "toly",
          91.59306803594355
        ]
      ],
      "top_words": [
        [
          "tps",
          606
        ],
        [
          "http",
          605
        ],
        [
          "sol",
          186
        ],
        [
          "lan",
          165
        ],
        [
          "solana",
          161
        ],
        [
          "@solana",
          138
        ],
        [
          "pump",
          104
        ],
        [
          "fun",
          85
        ],
        [
          "pumpfun",
          81
        ],
        [
          "@pumpfun",
          78
        ]
      ]
    },
    "6": {
      "weight": 945.2826729456546,
      "percent": 3.652723160331604,
      "tweet_count": 259,
      "top_authors": [
        [
          "helicerat0x",
          96.87942354118799
        ],
        [
          "torogems",
          71.19623539153697
        ],
        [
          "mdancho84",
          61.82967004005909
        ],
        [
          "RoundtableSpace",
          44.82445240089
        ],
        [
          "ieatjeets",
          41.0
        ]
      ],
      "top_words": [
        [
          "hat",
          163
        ],
        [
          "what",
          150
        ],
        [
          "tps",
          136
        ],
        [
          "http",
          135
        ],
        [
          "the",
          73
        ],
        [
          "and",
          73
        ],
        [
          "git",
          64
        ],
        [
          "github",
          60
        ],
        [
          "hub",
          60
        ],
        [
          "his",
          46
        ]
      ]
    },
    "2": {
      "weight": 529.7397721239545,
      "percent": 2.046999051147529,
      "tweet_count": 301,
      "top_authors": [
        [
          "therealchaseeb",
          82.83676734833571
        ],
        [
          "elonmusk",
          26.412355675513574
        ],
        [
          "TheAhmadOsman",
          21.75623554181432
        ],
        [
          "SolanaSensei",
          20.51282051282051
        ],
        [
          "amiravalliani",
          20.39294978304265
        ]
      ],
      "top_words": [
        [
          "sol",
          233
        ],
        [
          "lan",
          233
        ],
        [
          "solana",
          231
        ],
        [
          "coin",
          133
        ],
        [
          "meme",
          124
        ],
        [
          "mem",
          124
        ],
        [
          "eco",
          124
        ],
        [
          "top",
          123
        ],
        [
          "est",
          121
        ],
        [
          "wif",
          120
        ]
      ]
    },
    "3": {
      "weight": 86.85185185185185,
      "percent": 0.3356094212415416,
      "tweet_count": 86,
      "top_authors": [
        [
          "dexsignals",
          14.0
        ],
        [
          "swiss_circle",
          5.0
        ],
        [
          "debbiez49",
          5.0
        ],
        [
          "jeanterre552",
          4.0
        ],
        [
          "GauHi_FDB",
          3.0
        ]
      ],
      "top_words": [
        [
          "tps",
          48
        ],
        [
          "http",
          47
        ],
        [
          "can",
          37
        ],
        [
          "public",
          36
        ],
        [
          "ans",
          36
        ],
        [
          "@republicans",
          36
        ],
        [
          "republicans",
          36
        ],
        [
          "rep",
          36
        ],
        [
          "check",
          29
        ],
        [
          "hec",
          29
        ]
      ]
    },
    "1": {
      "weight": 3049.666239616637,
      "percent": 11.7843972216441,
      "tweet_count": 533,
      "top_authors": [
        [
          "Capetlevrai",
          233.4072480151429
        ],
        [
          "ZakShark",
          182.8645477329689
        ],
        [
          "BoubouSGC",
          172.38330310040834
        ],
        [
          "Frenchie_",
          145.04213218468166
        ],
        [
          "Dark_Emi_",
          124.13230843081479
        ]
      ],
      "top_words": [
        [
          "tps",
          256
        ],
        [
          "http",
          256
        ],
        [
          "est",
          227
        ],
        [
          "our",
          217
        ],
        [
          "les",
          216
        ],
        [
          "que",
          208
        ],
        [
          "men",
          168
        ],
        [
          "pour",
          160
        ],
        [
          "sur",
          158
        ],
        [
          "des",
          153
        ]
      ]
    }
  }
}