stimulus,q_score_baseline,q_score_soma,delta_pct,verdict_baseline,verdict_soma
Bitcoin halving 2026,0.3585474169611182,0.3585474169611182,0,Growl,Growl
Ethereum Shanghai,0.3585474169611182,0.3585474169611182,0,Growl,Growl
Solana network upgrade,0.3585474169611182,0.3585474169611182,0,Growl,Growl
DeFi protocol launch,0.3585474169611182,0.3585474169611182,0,Growl,Growl
