{
  "total_clicks": 1430,
  "token_content_clicks": 14,
  "narrative_content_clicks": 208,
  "media_clicks": 0,
  "verified_author_clicks": 1319,
  "blue_verified_author_clicks": 1319,
  "token_content_clicks_ratio": 0.009790209790209791,
  "narrative_content_clicks_ratio": 0.14545454545454545,
  "media_clicks_ratio": 0.0,
  "verified_author_clicks_ratio": 0.9223776223776223,
  "blue_verified_author_clicks_ratio": 0.9223776223776223,
  "avg_word_count": 25.98181818181818,
  "avg_likes": 6189.8083916083915,
  "avg_views": 1930300.9111888113,
  "avg_engagement_rate": 1.232685004006661
}